text,label
정처기 시험 접수 마감,must
내일까지 과제 제출,must
프로젝트 최종 발표 준비,must
등록금 납부 마감일,must
비자 신청 서류 제출,must
월세 이체하기,must
전기요금 납부 마감,must
내일 오전 면접,must
계약서 서명하고 보내기,must
논문 초록 제출 마감,must
공모전 접수 마감,must
연말정산 서류 제출,must
건강보험료 납부,must
여권 갱신 신청 급함,must
항공권 체크인 마감 전에 하기,must
긴급 버그 수정 배포,must
서버 장애 대응,must
고객사 답변 오늘까지,must
견적서 오늘 중으로 발송,must
지원서 마감 오늘 자정,must
발표 자료 내일 아침까지 완성,must
시험 공부 벼락치기,must
수강신청 오픈 시간 맞춰 접속,must
기말고사 시험,must
중간고사 준비 마지막 점검,must
자격증 시험 당일 준비물 챙기기,must
병원 수술 전 검사,must
약 처방전 받아오기 오늘까지,must
휴학 신청 마감일,must
장학금 신청서 제출,must
세금 신고 마감,must
카드값 결제일 확인하고 입금,must
대출 이자 납부일,must
보증금 송금하기,must
이사 계약 잔금 치르기,must
인터넷 해지 위약금 처리 기한,must
회사 연차 신청 마감,must
출장 보고서 오늘까지 제출,must
클라이언트 미팅 자료 최종본 전달,must
납품 마감일 확인하고 발송,must
원고 마감 오늘 밤까지,must
경진대회 발표 리허설 필수,must
졸업 논문 심사 자료 제출,must
성적 이의신청 마감일,must
예방접종 예약 당일,must
차량 검사 만료 전에 받기,must
운전면허 갱신 기한 임박,must
주민등록증 재발급 신청 마감,must
공과금 자동이체 실패 재납부,must
긴급 회의 소집 참석,must
장비 반납 마감일,must
도서관 책 반납 연체 직전,must
쓰레기 분리수거 마지막 날,must
기숙사 퇴사 점검 필수,must
인턴 지원 서류 오늘 마감,must
발표 순서 첫번째라 일찍 도착,must
데모 시연 준비 완료해야 함,must
릴리즈 배포 일정 사수,must
앱 심사 제출 오늘까지,must
버전 출시 전 최종 QA,must
회의,should
팀 미팅 준비,should
주간 회의 안건 정리,should
정처기 공부,should
알고리즘 문제 풀기,should
영어 회화 연습,should
운동 헬스장 가기,should
러닝 5km 뛰기,should
필라테스 수업,should
병원 정기 검진 예약 잡기,should
치과 스케일링 예약,should
부모님께 전화드리기,should
가족 저녁 식사 약속,should
친구 결혼식 축의금 준비,should
보고서 작성,should
회의록 정리해서 공유,should
코드 리뷰 하기,should
PR 리뷰 남기기,should
이력서 업데이트,should
포트폴리오 정리,should
스터디 발표 준비,should
독서 모임 책 읽어가기,should
장보기 이번 주 식재료,should
집 청소 주말 대청소,should
빨래 돌리고 개기,should
은행 업무 보기,should
적금 통장 만들기,should
보험 상담 예약,should
차량 엔진오일 교체,should
자전거 점검 맡기기,should
회사 교육 이수하기,should
온라인 강의 이번 주 분량 듣기,should
토익 단어 외우기,should
멘토링 미팅 일정 잡기,should
동아리 정기 모임,should
프로젝트 일정 계획 세우기,should
기획서 초안 작성,should
디자인 시안 검토,should
데이터 백업 하기,should
컴퓨터 업데이트 및 정리,should
사진 클라우드 백업,should
약국 들러서 상비약 사기,should
안경 새로 맞추기,should
미용실 예약,should
선물 사기 친구 생일,should
경조사 일정 확인,should
독후감 쓰기,should
주간 회고 작성,should
학원 등록 상담,should
자격증 접수 일정 알아보기,should
전공 책 복습,should
과제 자료 조사,should
팀원 피드백 정리해서 전달,should
업무 인수인계 문서 작성,should
회의실 예약하기,should
출장 숙소 알아보기,should
명함 새로 주문,should
사무용품 주문,should
책 읽기,could
새로 나온 소설 읽어보기,could
영화 보기,could
넷플릭스 신작 정주행,could
전시회 다녀오기,could
사진 정리하기,could
앨범 만들기,could
블로그 글 써보기,could
유튜브 영상 편집 연습,could
새 카페 가보기,could
동네 산책,could
공원 피크닉,could
등산 가볍게 다녀오기,could
자전거 라이딩,could
기타 연습,could
피아노 코드 몇 개 익히기,could
그림 그리기,could
캘리그라피 연습,could
새 레시피 요리 도전,could
베이킹 해보기,could
홈카페 라떼 만들기,could
방 꾸미기 소품 알아보기,could
책상 배치 바꿔보기,could
식물 분갈이,could
플레이리스트 정리,could
팟캐스트 듣기,could
보드게임 모임 알아보기,could
게임 한 판,could
새 취미 알아보기,could
여행 버킷리스트 적어보기,could
제주도 여행 코스 구경하기,could
캠핑 용품 구경,could
사진 잘 찍는 법 찾아보기,could
필름 카메라 알아보기,could
중고 서점 구경,could
문구점 들러보기,could
향수 시향 하러 가기,could
새 운동화 구경,could
옷장 정리하면서 코디 해보기,could
인테리어 영상 보기,could
뜨개질 시작해보기,could
퍼즐 맞추기,could
레고 조립,could
드라이브 다녀오기,could
바다 보러 가기,could
별 보러 가기,could
사이드 프로젝트 아이디어 구상,could
새 프로그래밍 언어 맛보기,could
디자인 툴 튜토리얼 해보기,could
글씨체 폰트 구경,could
노션 템플릿 꾸미기,could
다이어리 꾸미기,could
명상 앱 써보기,could
요가 영상 따라하기,could
반신욕 하기,could
낮잠 자기,could
동네 맛집 탐방,could
디저트 카페 투어,could
사진전 관람,could
헬스장 등록 보류,wont
PT 연장 안 하기로 함,wont
여행 계획 취소,wont
모임 참석 취소하기,wont
동아리 활동 그만두기,wont
스터디 탈퇴 하기로 함,wont
구독 서비스 해지 예정,wont
넷플릭스 구독 취소,wont
안 쓰는 앱 삭제는 나중에,wont
옷 정리는 다음에 하기,wont
책장 정리 미루기,wont
이사 계획 보류,wont
차 바꾸는 건 내년으로 미룸,wont
노트북 구매 보류,wont
아이패드 사는 건 나중에,wont
자격증 추가 취득은 당분간 안 함,wont
대학원 진학 보류,wont
이직 준비는 당분간 중단,wont
사이드 프로젝트 잠정 중단,wont
블로그 운영 그만하기,wont
SNS 당분간 끊기,wont
게임 접기로 함,wont
술 약속 거절하기,wont
회식 불참 통보,wont
주말 출근 안 하기로 함,wont
야근 줄이기로 결심,wont
충동구매 리스트 삭제,wont
장바구니 비우기 안 사기로 함,wont
중고 거래 판매 보류,wont
분양 알아보는 건 취소,wont
펫 입양은 아직 아닌 듯,wont
운전 연수 미루기,wont
다이어트 시작은 다음 주부터,wont
새벽 기상 챌린지 포기,wont
영양제 추가 구매 안 함,wont
멤버십 갱신 안 하기,wont
보험 추가 가입 보류,wont
주식 추가 매수 보류,wont
코인 투자 안 하기로 함,wont
계모임 나가기로 함,wont
학원 재등록 안 함,wont
과외 그만두기,wont
봉사활동 신청 취소,wont
공모전 참가 포기,wont
대외활동 지원 안 하기로 함,wont
발표 자원 안 하기,wont
프로젝트 추가 참여 거절,wont
초대 거절 정중하게,wont
소개팅 안 나가기로 함,wont
정기 모임 당분간 쉬기,wont
새 기기 구매는 보류,wont
구형 폰 계속 쓰기로 함,wont
케이블 정리함 사는 건 취소,wont
청소기 렌탈 해지,wont
정수기 렌탈 안 하기로 함,wont
잡지 정기구독 중단,wont
신문 구독 해지,wont
카페 멤버십 탈퇴,wont
포인트 앱 삭제 예정,wont
오후 3시까지 서류 제출 마감,must
내일 오전 9시 시험,must
금요일까지 견적서 무조건 발송,must
오늘 밤 12시 마감 지원서,must
5시까지 은행 가서 송금 처리,must
아침 8시 비행기 체크인,must
오후 2시 수술 전 금식,must
이번 주 금요일 발표 최종 리허설,must
오후 7시 미팅,should
저녁 8시 운동,should
내일 오전 10시 팀 회의,should
주말에 부모님 댁 방문,should
수요일 오후 치과 예약,should
퇴근 후 장보기,should
아침에 이력서 다듬기,should
점심시간에 산책 겸 은행 다녀오기,should
저녁에 강의 한 편 듣기,should
주말 오전 대청소,should
주말에 영화 한 편 보기,could
저녁에 책 읽기,could
일요일 오후 카페 가서 글쓰기,could
밤에 플레이리스트 정리,could
토요일 아침 드라이브,could
점심에 새로 생긴 식당 가보기,could
언젠가 오로라 보러 가기,could
시간 나면 사진 백업 정리,could
이번 주 회식은 불참하기로 함,wont
주말 모임 취소 연락,wont
저녁 약속 다음으로 미루기,wont
당분간 야식 끊기로 함,wont
이번 달 지출 늘리는 건 보류,wont
새 강의 결제는 나중에 생각,wont
면접,must
최종 면접,must
2차 면접,must
면접 준비,must
면접 예상 질문 정리,must
시험,must
기말고사,must
중간고사,must
자격증 시험,must
발표,must
최종 발표,must
과제 제출,must
서류 제출,must
세금 납부,must
원서 접수,must
마감 업무 처리,must
병원 수술,must
비행기 탑승,must
공부,should
운동,should
청소,should
장보기,should
빨래,should
병원 예약,should
회의 준비,should
스터디,should
과제 시작하기,should
독서 모임,should
부모님 전화,should
차량 점검,should
이메일 정리,should
백업,should
주간 계획 세우기,should
영어 공부,should
헬스,should
요리 준비,should
산책,could
독서,could
영화,could
게임,could
그림,could
드라이브,could
카페 가기,could
사진 찍기,could
음악 듣기,could
낮잠,could
쇼핑 구경,could
유튜브 보기,could
드라마 정주행,could
피크닉,could
맛집 가보기,could
전시 관람,could
취미 찾기,could
여행 알아보기,could
보류,wont
취소,wont
안 하기로 함,wont
나중에 하기,wont
포기,wont
그만두기,wont
구독 해지,wont
회원 탈퇴,wont
모임 취소,wont
약속 취소,wont
계획 취소,wont
등록 보류,wont
구매 보류,wont
참석 안 함,wont
신청 취소,wont
당분간 중단,wont
미루기,wont
쉬어가기,wont
게임하지 말기,wont
게임 끊기,wont
담배 끊기,wont
금연,wont
술 끊기,wont
금주,wont
야식 끊기,wont
군것질 끊기,wont
탄산음료 끊기,wont
배달음식 그만 시키기,wont
커피 줄이기,wont
늦잠 자지 않기,wont
밤샘 하지 않기,wont
충동구매 하지 않기,wont
